probe,anticodon,codon,freq,sd
PaeARGACG,Arg-ACG,Arg-CGT/C/G,1.24432771614049,0.221905225305611
PaeARGACG2,Arg-ACG-2,Arg-CGT/C/G,2.08321901537401,0.013354788279691
PaeARGCCG,Arg-CCG,Arg-CGC/T,1.27625605445796,0.237263208192873
PaeARGCCG214,Arg-CCG-214,Arg-CGC/T,1.25605961356664,0.167140709651585
PaeARGCCT,Arg-CCU,Arg-AGG,1.09560257709242,0.134816331192784
PaeARGTCT,Arg-UCU,Arg-AGA,1.60710148969526,0.109606792444217
PaeHISGTG,His-GUG,His-CAT/C,1.52059342495622,0.256465407516759
PaeLYSTTT,Lys-UUU,Lys-AAA,1.24258292301844,0.13200973378357
PaeLYSTTT214,Lys-UUU-214,Lys-AAA,1.47601476056983,0.120905692332562
PaeASPGTC,Asp-GUC,Asp-GAT/C,0.976161893489229,0.157017118352794
PaeGLUTTC,Glu-UUC,Glu-GAA,1.00253711185161,0.14581500570655
PaeASNGTT,Asn-GUU,Asn-AAT/C,2.27565163438585,0.702199125105855
PaeCYSGCA,Cys-GCA,Cys-TGG,1.42957878581362,0.110357913229687
PaeGLNTTG,Gln-UUG,Gln-CTT/A/G,0.91349238677391,0.319471033981791
PaeSERCGA,Ser-CGA,Ser-TCG,1.42116477514157,0.222861135625833
PaeSERGCT,Ser-GCU,Ser-AGT/C,1.08699302708687,0.349251583325629
PaeSERGGA,Ser-GGA,Ser-TCT/C,1.49183137634263,0.28797280819242
PaeSERTGA,Ser-UGA,Ser-TCT/A/G,1.07624725179974,0.282415416431106
PaeTHRCGT,Thr-CGU,Thr-ACG,1.35339666759243,0.176915542985489
PaeTHRGGT,Thr-GGU,Thr-ACT/C,1.57781665993547,0.111173091295295
PaeTHRTGT ,Thr-UGU,Thr-ACA,0,0
PaeALAGGC,Ala-GGC,Ala-GCT/C,1.02016025177701,0.221954184771751
PaeALATGC,Ala-UGC,Ala-GCT/A/G,1.02654662694648,0.158544722021722
PaeGLYCCC,Gly-CCC,Gly-GGG,1.52969968795751,0.073112530738188
PaeGLYGCC,Gly-GCC,Gly-GGT/C,1.47843267640469,0.174481419032009
PaeGLYTCC,Gly-UCC,Gly-GGA,0.28150115111856,0.02039793672812
PaeILEGAT,Ile-GAU,Ile-ATC/T,1.85305002848388,0.407565640980747
PaeILECAT,Ile-CAU,Ile-ATG,1.59420383657198,0.004253550058578
PaeLEUCAA,Leu-CAA,Leu-TTG,1.23118757504694,0.261154484787552
PaeLEUCAG,Leu-CAG,Leu-CTG,1.19006841841104,0.307354897574394
PaeLEUGAG,Leu-GAG,Leu-CTT/C,1.44237952388199,0.0082549758062
PaeLEUTAG,Leu-UAG,Leu-CTT/A/G,0.811493349425203,0.153822705929906
PaeLEUTAA1O1,Leu-UAA-1O1,Leu-TTA/G,0,0
PaeMETCAT,Met-CAU,Met-ATG,1.27985242978705,0.188628099253784
PaefMETCAT,fMet-CAU,fMet-ATG,1.48121607599193,0.224612984114815
PaePHEGAA,Phe-GAA,Phe-TTT/C,1.22172797842537,0.111383523101809
PaePROCGG,Pro-CGG,Pro-CCC,1.59147404911276,0.066328137090681
PaePROGGG,Pro-GGG,Pro-CCC/T,1.3826064355665,0.028650207109617
PaePROTGG,Pro-UGG,Pro-CCT/A/G,1.23938050992458,0.224605857345149
PaeSECTCA,Sec-UCA,Sec-TGA,2.15148193713964,0.366488388288953
PaeTRPCCA,Trp-CCA,Trp-TGG,0.82017303469152,0.235508650381774
PaeTYRGTA,Tyr-GUA,Tyr-TAT/C,1.17624178004838,0.02667579448284
PaeVALGAC,Val-GAC,Val-GTT/C,1.01932082367236,0.20001631407037
PaeVALTAC,Val-UAC,Val-GTA,1.08307466662177,0.12488054818931
