Anticodon,Ratio rep1,SEM,Ratio rep2,SEM
Pae_ARG-ACG,1.3707354672055168,0.02784127350410573,1.2894668098581985,0.031728954218314606
Pae_ARG-ACG-2,1.1690745237703566,0.05952499265589531,1.375421999758664,0.07620870865861248
Pae_ARG-CCG,1.431715740707798,0.03438918922711289,1.3519302461099945,0.032795240155151964
Pae_ARG-CCG-2_14,1.4851401254127492,0.022602625139246296,1.3676563862441138,0.030543946272437318
Pae_ARG-CCT,1.4355213781652918,0.0228008844058784,1.384061018887286,0.025213309035877145
Pae_ARG-TCT,1.5143623101830115,0.02753298025096326,1.5097092230821558,0.03878368371273914
Pae_HIS-GTG,0.43189259638174243,0.04334838867730075,0.7301986063933166,0.04012569660940716
Pae_LYS-TTT,0.8189710247635459,0.024539861813130014,1.0013224879232583,0.030697352411059864
Pae_LYS-TTT-2_14,0.9448621361424188,0.02580549258748334,1.0869289383408791,0.028303788728016078
Pae_ASP-GTC,1.0964091875367696,0.03740636751126395,1.080748622419478,0.04782893929221382
Pae_GLU-TTC,0.5971427056853739,0.031025584346147873,0.8683618751568165,0.033773391578650114
Pae_ASN-GTT,1.4466496210640034,0.057552292407914374,1.1789693830744383,0.04984119185827721
Pae_CYS-GCA,1.314065784772705,0.03134187126346021,1.099386819275419,0.03134956090670613
Pae_GLN-TTG,1.2893874811544699,0.026562800820843065,1.089812275660136,0.0348253456641274
Pae_SER-CGA,1.4140677831771429,0.02883956524041912,1.4169330313248625,0.023469013621879385
Pae_SER-GCT,1.357042281803709,0.027068986013237536,1.3231061691771506,0.031100704908023476
Pae_SER-GGA,1.1828568478457124,0.0284406501254439,1.160407542928018,0.02545743053255976
Pae_SER-TGA,1.1078148439784306,0.03545715936090088,1.1932165550487985,0.0407116420319951
Pae_THR-CGT,0.966039296291258,0.02536528338982126,0.953431816159018,0.027550363889234458
Pae_THR-GGT,0.5888313677830725,0.06522883466603058,0.9830313994773912,0.07145995320285045
Pae_THR-TGT ,0.0,0.0,0.0,0.0
Pae_ALA-GGC,0.6760302099916522,0.03329451277905019,0.9647099087903694,0.034465886887729294
Pae_ALA-TGC,0.8031217271094497,0.03147132303483441,1.03436286985488,0.025342979974645748
Pae_GLY-CCC,1.370462474988067,0.02936911585913847,1.2234271587267862,0.030143297896749268
Pae_GLY-GCC,1.3631940714870676,0.03705691674013103,1.1409763228344276,0.03044287159821204
Pae_GLY-TCC,0.12849814245941443,0.03935979860491118,0.1733069315164,0.02824532233982604
Pae_ILE-GAT,0.5953375060013708,0.024198019781056564,0.9641569089707656,0.027592965252543632
Pae_ILE-CAT,0.877477101094885,0.028385117490211925,1.1491996731080436,0.03343255233775314
Pae_LEU-CAA,1.23473013772645,0.0317822601325535,1.2194116302414473,0.027673784321686126
Pae_LEU-CAG,1.165045713698822,0.028813528385861036,1.265204255599354,0.024623575627054
Pae_LEU-GAG,0.6404651037579205,0.05156454813838805,0.9915321286385508,0.04972322776119458
Pae_LEU-TAG,0.6884962471217039,0.03125405331538727,0.7540017809402351,0.025266530847006485
Pae_LEU-TAA-1_O1,27.312666125126146,0.06780315388071599,50.62169644826436,0.07828937441286347
Pae_MET-CAT,0.9571747884923145,0.030301948826652353,1.131540442572465,0.03489081177188973
Pae_fMET-CAT,0.6536032405545206,0.04858683868419254,0.9719250249196276,0.05116065892976077
Pae_PHE-GAA,1.0691117283633709,0.02331883394340274,1.1974594742733737,0.029711825385606024
Pae_PRO-CGG,1.5582370182533807,0.030047161065271846,1.2622738681833814,0.027171184482384668
Pae_PRO-GGG,1.5259476212029588,0.031950061387116625,1.2767965477531775,0.032697818855683305
Pae_PRO-TGG,1.5801330365530115,0.02472985979864817,1.3616004075051327,0.021572767117650018
Pae_SEC-TCA,1.2727404808352376,0.025774882127502518,1.4165883975350966,0.0384780613233046
Pae_TRP-CCA,1.051523762307481,0.03387424344792436,0.911460533936875,0.04231759602878021
Pae_TYR-GTA,0.5933836584739679,0.029981153756284438,0.8454994173677095,0.024079877676535
Pae_VAL-GAC,1.2542626256694824,0.03583883289826287,1.0959048285994368,0.02941319106161888
Pae_VAL-TAC,0.714118493037222,0.04093996510210847,0.9441030001458031,0.03886042694488605
